{"cameraMode":{"drawMode":0,"name":"Shaded","section":"Shading Mode"},"sceneLighting":false,"audioPlay":false,"sceneViewState":{"m_AlwaysRefresh":false,"showFog":true,"showSkybox":false,"showFlares":true,"showImageEffects":true,"showParticleSystems":true,"showVisualEffectGraphs":true,"m_FxEnabled":true},"in2DMode":false,"pivot":{"x":0.37586724758148196,"y":0.7980020046234131,"z":0.0314255952835083},"rotation":{"x":-0.30243727564811709,"y":0.4595714807510376,"z":-0.17000499367713929,"w":-0.8175750970840454},"size":2.1232986450195314,"orthographic":false}